ticker,codenumber,brand
AAL,AAL,アメリカン航空
AAPL,AAPL,アップル
ABBV,ABBV,アッヴィ
ABNB,ABNB,エアビーアンドビー
ABT,ABT,アボット・ラボラトリーズ
ACN,ACN,アクセンチュア
ADBE,ADBE,アドビ
ADI,ADI,アナログ・デバイセズ
ADP,ADP,オートマチック・データ・プロセッシング
ADSK,ADSK,オートデスク
AFL,AFL,アフラック
AFRM,AFRM, アファーム・ホールディングス
AI,AI,シースリーエーアイ
AJG,AJG,アーサー・J・ギャラガー
AMAT,AMAT,アプライド・マテリアルズ
AMD,AMD,アドバンスト・マイクロ・デバイセズ
AMGN,AMGN,アムジェン
AMZN,AMZN,アマゾン・ドットコム
ANET,ANET,アリスタ・ネットワークス
AON,AON,エーオン
APD,APD,エア・プロダクツ&ケミカルズ
APH,APH,アンフェノール
APP,APP,アップラビン
ARM,ARM,アーム・ホールディングス ADR
ASML,ASML,ASMLホールディング NYRS
AVGO,AVGO,ブロードコム
AXON,AXON,アクソン・エンタープライズ
AXP,AXP,アメリカン・エキスプレス
AZO,AZO,オートゾーン
BA,BA,ボーイング
BAC,BAC,バンク・オブ・アメリカ
BDX,BDX,ベクトン・ディッキンソン
BKNG,BKNG,ブッキング・ホールディングス
BLK,BLK,ブラックロック
BMY,BMY,ブリストル・マイヤーズ・スクイブ
BRKB,BRKB,バークシャー・ハサウェイ
BSX,BSX,ボストン・サイエンティフィック
BX,BX,ブラックストーン
BYND,BYND,ビヨンド ミート
C,C,シティグループ
CAT,CAT,キャタピラー
CB,CB,チャブ
CCL,CCL,カーニバル
CDNS,CDNS,ケイデンス・デザイン・システムズ
CEG,CEG,コンステレーション・エナジー
CGNX,CGNX,コグネックスコーポレーション
CHTR,CHTR,チャーター・コミュニケーションズ
CI,CI,シグナ・グループ
CL,CL,コルゲート・パルモリーブ
CMCSA,CMCSA,コムキャスト
CME,CME,CMEグループ
CMG,CMG,チポトレ・メキシカン・グリル
COF,COF,キャピタル・ワン・ファイナンシャル
COHR,COHR,コヒレント
COIN,COIN,コインベース・グローバル
COP,COP,コノコフィリップス
COST,COST,コストコ・ホールセール
CPB,CPB,キャンベルズ
CRM,CRM,セールスフォース
CRSP,CRSP,クリスパー・セラピューティクス
CRWD,CRWD,クラウドストライク・ホールディングス
CSCO,CSCO,シスコシステムズ
CSGP,CSGP,コスター・グループ
CSX,CSX,CSX
CVS,CVS,CVSヘルス
CVX,CVX,シェブロン
DAL,DAL,デルタ航空
DASH,DASH,ドアダッシュ
DDOG,DDOG,データドッグ
DE,DE,ディア
DELL,DELL,デル・テクノロジーズ
DG,DG,ダラー・ゼネラル
DHI,DHI,DRホートン
DHR,DHR,ダナハー・コーポレーション
DIS,DIS,ウォルト・ディズニー
DKNG,DKNG,ドラフトキングス
DLO,DLO,ディーローカル
DLTR,DLTR,ダラー・ツリー
DOCS,DOCS,ドクシミティ
DOCU,DOCU,ドキュサイン
DOW,DOW,ダウ
DPZ,DPZ,ドミノ・ピザ
DUK,DUK,デューク・エナジー
DVN,DVN,デボン・エナジー
DXCM,DXCM,デックス・コム
EBAY,EBAY,イーベイ
ED,ED,コンソリデーテッド・エジソン
EL,EL,エスティ・ローダー
ELV,ELV,エレバンス・ヘルス
EMR,EMR,エマソン・エレクトリック
ENPH,ENPH,エンフェーズ・エナジー
EOG,EOG,EOGリソーシーズ
EQT,EQT,EQT
ETN,ETN,イートン
EW,EW,エドワーズ・ライフサイエンシズ
F,F,フォード・モーター
FAST,FAST,ファスナル
FCEL,FCEL,フューエルセル・エナジー
FCX,FCX,フリーポート・マクモラン
FDX,FDX,フェデックス
FICO,FICO,フェア・アイザック
FISV,FISV,ファイサーブ
FSLR,FSLR,ファーストソーラー
FSLY,FSLY,ファストリ―
FTNT,FTNT,フォーティネット
GAP,GAP,ギャップ
GE,GE,GEエアロスペース
GEV,GEV,GEベルノバ
GILD,GILD,ギリアド・サイエンシズ
GLW,GLW,コーニング
GM,GM,ゼネラル・モーターズ
GOOGL,GOOGL,アルファベット
GS,GS,ゴールドマン・サックスG
HCA,HCA,HCAヘルスケア
HD,HD,ホームデポ
HLT,HLT,ヒルトン・ワールドワイド・ホールディングス
HON,HON,ハネウェル・インターナショナル
HOOD,HOOD,ロビンフッド・マーケッツ
HPQ,HPQ,HP
HSY,HSY,ハーシー
HUM,HUM,ヒューマナ
IBM,IBM,IBM
ICE,ICE,インターコンチネンタル取引所
ILMN,ILMN,イルミナ
INTC,INTC,インテル
INTU,INTU,イントゥイット
ISRG,ISRG,インテュイティブ・サージカル
ITW,ITW,イリノイ・ツール・ワークス
JNJ,JNJ,ジョンソン・エンド・ジョンソン
JPM,JPM,JPモルガン・チェース
KDP,KDP,キューリグ・ドクター・ペッパー
KEYS,KEYS,キーサイト・テクノロジーズ
KHC,KHC,クラフト・ハインツ
KLAC,KLAC,KLA
KMB,KMB,キンバリー・クラーク
KO,KO,コカ・コーラ
KR,KR,クローガー
LHX,LHX,L3ハリス・テクノロジーズ
LIN,LIN,リンデ
LITE,LITE,ルメンタム・ホールディングス
LLY,LLY,イーライリリー
LMND,LMND,レモネード
LMT,LMT,ロッキード・マーティン
LOW,LOW,ロウズ
LRCX,LRCX,ラム・リサーチ
LULU,LULU,ルルレモン
LYFT,LYFT,リフト
MA,MA,マスターカード
MAR,MAR,マリオット・インターナショナル
MCD,MCD,マクドナルド
MCHP,MCHP,マイクロチップ・テクノロジー
MCK,MCK,マケッソン
MDB,MDB,モンゴDB
MDLZ,MDLZ,モンデリーズインターナショナル
MDT,MDT,メドトロニック
MELI,MELI,メルカドリブレ
META,META,メタ・プラットフォームズ
MMM,MMM,スリーエム
MNST,MNST,モンスター・ビバレッジ
MO,MO,アルトリア・グループ
MPC,MPC,マラソン・ペトロリアム
MPWR,MPWR,モノリシック・パワー・システムズ
MRK,MRK,メルク
MRNA,MRNA,モデルナ
MRSH,MRSH,マーシュ&マクレナン・カンパニーズ
MRVL,MRVL,マーベル・テクノロジー
MS,MS,モルガン・スタンレー
MSFT,MSFT,マイクロソフト
MSTR,MSTR,ストラテジー
MU,MU,マイクロン・テクノロジー
NEE,NEE,ネクステラ・エナジー
NEM,NEM,ニューモント
NET,NET,クラウドフレア
NFLX,NFLX,ネットフリックス
NKE,NKE,ナイキ
NOC,NOC,ノースロップ・グラマン
NOW,NOW,サービスナウ
NVAX,NVAX,ノババックス
NVDA,NVDA,エヌビディア
NXPI,NXPI,NXPセミコンダクターズ
OKTA,OKTA,オクタ
ON,ON,オン・セミコンダクター
ORCL,ORCL,オラクル
ORLY,ORLY,オライリー・オートモティブ
OXY,OXY,オキシデンタル・べトロリアム
PANW,PANW,パロアルトネットワークス
PAYP,PAYP,PayPay ADS
PCAR,PCAR,パッカー
PEP,PEP,ペプシコ
PFE,PFE,ファイザー
PG,PG,プロクター・アンド・ギャンブル
PGR,PGR,プログレッシブ
PH,PH,パーカー・ハネフィン
PINS,PINS,ピンタレスト
PLTR,PLTR,パランティア・テクノロジーズ
PLUG,PLUG,プラグ・パワー
PM,PM,フィリップモリス
PNC,PNC,PNCフィナンシャル・サービシズ・グループ
PSX,PSX,フィリップス66
PTON,PTON,ペロトン・インタラクティブ
PWR,PWR,クアンタ・サービシーズ
PYPL,PYPL,ペイパル
QCOM,QCOM,クアルコム
RACE,RACE,フェラーリ
RBLX,RBLX,ロブロックス
RCL,RCL,ロイヤル・カリビアン・グループ
REGN,REGN,リジェネロン・ファーマシューティカルズ
RL,RL,ラルフローレン
ROK,ROK,ロックウェル・オートメーション
ROKU,ROKU,ロク
ROST,ROST,ロス・ストアーズ
RTX,RTX,RTX
SBUX,SBUX,スターバックス
SCHW,SCHW,チャールズ・シュワブ
SHOP,SHOP,ショピファイ
SHW,SHW,シャーウィン・ウィリアムズ
SLB,SLB,SLB
SNAP,SNAP,スナップ
SNDK,SNDK,サンディスク
SNOW,SNOW,スノーフレーク
SNPS,SNPS,シノプシス
SO,SO,サザン
SPCX,SPCX,スペース・エクスプロレーション・テクノロジーズ
SPGI,SPGI,S&Pグローバル
SPOT,SPOT,スポティファイ・テクノロジー
STX,STX,シーゲート・テクノロジー・ホールディングス
SYK,SYK,ストライカー
SYY,SYY,シスコ
T,T,AT&T
TDY,TDY,テレダイン・テクノロジーズ
TEAM,TEAM,アトラシアン
TER,TER,テラダイン
TGT,TGT,ターゲット
TJX,TJX,TJX
TMO,TMO,サーモ・フィッシャー・サイエンティフィック
TMUS,TMUS,ティ－モバイル US
TPR,TPR,タペストリー
TRV,TRV,トラベラーズ・カンパニーズ
TSLA,TSLA,テスラ
TT,TT,トレーン・テクノロジーズ
TTD,TTD,トレード・デスク
TXN,TXN,テキサス・インスツルメンツ
U,U,ユニティ・ソフトウェア
UAL,UAL,ユナイテッド・エアラインズ・ホールディングス
UBER,UBER,ウーバー・テクノロジーズ
ULTA,ULTA,アルタ・ビューティー
UNH,UNH,ユナイテッドヘルス・グループ
UNP,UNP,ユニオン・パシフィック
UPS,UPS,ユナイテッド・パーセル・サービス
UPST,UPST,アップスタート・ホールディングス
URI,URI,ユナイテッド・レンタルズ
USB,USB,USバンコープ
V,V,ビザ
VLO,VLO,バレロ・エナジー
VRT,VRT,バーティブ・ホールディングス
VRTX,VRTX,バーテックス・ファーマシューティカルズ
VST,VST,ヴィストラ
VZ,VZ,ベライゾン・コミュニケーションズ
WBA,WBA,ウォルグリーン・ブーツ・アライアンス
WDAY,WDAY,ワークデイ
WDC,WDC,ウエスタン・デジタル
WFC,WFC,ウェルズ・ファーゴ
WMB,WMB,ウィリアムズ・カンパニーズ
WMT,WMT,ウォルマート
XOM,XOM,エクソンモービル・ホールディングス
XRX,XRX,ゼロックス・ホールディングス
XYZ,XYZ,ブロック
YUM,YUM,ヤム・ブランズ
ZG,ZG,ジロー・グループ
ZM,ZM,ズーム・コミュニケーションズ
ZS,ZS,ゼットスケーラー
ZTS,ZTS,ゾエティス
